{
    "packages": [
        {
            "name": "conexion",
            "version": "1",
            "dist": {
                "type": "php",
                "url": ""
            },
            "require": {
                "php": "^7 || ^8"
            },
            "replace": {
                "old-version": "1"
            },
            "type": "basic-plugin",
            "autoload": "\/modules\/bbdd\/conexion.php",
            "authors": [
                {
                    "name": "Fabian Lorente",
                    "email": ""
                }
            ],
            "description": "Crea la conexion con la base de datos"
        },
        {
            "name": "definiciones",
            "version": "1",
            "dist": {
                "type": "php",
                "url": ""
            },
            "require": {
                "php": "^7 || ^8",
                "modules": [
                    "conexion"
                ]
            },
            "replace": {
                "old-version": "1"
            },
            "type": "basic-plugin",
            "autoload": "\/modules\/definiciones\/const-define.php",
            "authors": [
                {
                    "name": "Fabian Lorente",
                    "email": ""
                }
            ],
            "description": "Crea las definiciones de las constantes"
        },
        {
            "name": "menu-formatter",
            "version": "1",
            "dist": {
                "type": "php",
                "url": ""
            },
            "require": {
                "php": "^7 || ^8",
                "modules": [
                    "conexion",
                    "definiciones"
                ]
            },
            "replace": {
                "old-version": "1"
            },
            "type": "basic-plugin",
            "autoload": "\/src\/functions\/menu.php",
            "authors": [
                {
                    "name": "Fabian Lorente",
                    "email": ""
                }
            ],
            "description": "Crea y devuelve un array con el menu de la aplicacion segun su orden en base de datos"
        },
        {
            "name": "web-analytics",
            "version": "1",
            "dist": {
                "type": "php",
                "url": ""
            },
            "require": {
                "php": "^7 || ^8",
                "modules": [
                    "conexion"
                ]
            },
            "replace": {
                "old-version": "1"
            },
            "type": "basic-plugin",
            "autoload": "\/modules\/analitica\/autoload.php",
            "authors": [
                {
                    "name": "Fabian Lorente",
                    "email": ""
                }
            ],
            "description": "recoge los datos para mostrar analiticas personalizadas en el administrador"
        }
    ],
    "modules": [
        {
            "name": "faq",
            "version": "1",
            "dist": {
                "type": "zip",
                "url": ""
            },
            "require": {
                "php": "^7 || ^8"
            },
            "replace": {
                "old-version": "0"
            },
            "type": "module",
            "autoload": "",
            "authors": [
                {
                    "name": "Andrea Segovia",
                    "email": ""
                }
            ],
            "description": "Estructura modulo faq"
        }
    ]
}